{
    "rmse": 0.652155479212187,
    "mae": 0.5268575701072282,
    "r2": 0.31627930892550127
}