{
    "rmse": 0.6450644153851293,
    "mae": 0.5094363874848863,
    "r2": 0.27749048681145916
}